"V1","V2","V3"
13.4915458364059,-19.754152275979,0
16.0308224600376,9.73421494004416,0
17.2575067510358,21.2156863917936,0
16.513235314438,-28.5392630776586,0
19.7059095224468,-21.7547850142466,0
15.4498196002922,-16.1816044727718,0
17.2112213804754,-22.4125883551482,0
14.5007151893563,28.3825608342677,0
13.6720095473321,-9.5088562036164,0
15.2565846407038,24.9824451450295,0
11.9005154909054,-23.8619350063889,0
18.9370970312677,3.85936038025924,0
14.3352839234299,-3.82336223492022,0
14.8043376465051,4.326724296335,0
14.5548971471531,14.2218921604824,0
15.5973013464129,-17.3241677084504,0
15.1161079873559,-16.2985009626903,0
11.7590762843281,-12.1279464185035,0
14.9207540597961,-6.87494768302425,0
13.0145060355184,-31.376385782403,0
17.6339033166528,13.7456422045624,0
16.8885644885669,28.9766299568391,0
11.5676055369094,-16.0826435882572,0
15.0834174126895,-14.9087868641991,0
13.3176425562117,-8.93056201522221,0
20.5217309490371,29.1558024417094,0
15.5718577098249,-7.79905264186699,0
17.5706328640769,-23.0357827071319,0
16.5189057479874,-4.57114202448503,0
10.567959678713,12.837227759492,0
14.3607214202218,-3.86364125086307,0
16.8181862254874,7.03799236678743,0
14.2677968590235,-7.50555807583745,0
14.4485159897344,-29.7153388264492,0
17.0030460820665,-19.8183935773622,0
16.0448754995789,5.85668584511003,0
12.0275711331035,-2.55380749917084,0
15.0869069976934,-20.7717948749521,0
13.6638673973728,-11.603127846251,0
15.6012860993993,11.4019027943595,0
12.9968739624804,-14.5717461867489,0
11.6713578326912,-5.24048250577514,0
14.360691356524,3.35589910181558,0
13.1683314905354,-14.543093379885,0
16.3959055174204,-7.78865265443935,0
16.2446102312631,-16.3781198446744,0
14.1903823367175,-6.97588868932835,0
17.838307050267,12.1375612147604,0
13.3209666708182,1.08299903271757,0
17.8832211107541,10.2118488212336,0
18.0894795749221,-13.2626443616031,0
14.2448451343951,27.6825115404952,0
19.0080593762229,2.82776652702615,0
15.6430140690676,-53.3971569599467,0
9.62074822010843,-16.7154315109244,0
13.7339026202086,-40.7506962028377,0
15.891538425568,17.1811165232572,0
10.952326348733,-0.42897018595211,0
21.1219120127584,15.1995857646517,0
11.6019459253633,-8.85769648010535,0
17.4221947080249,4.83182130597145,0
16.0006749017561,25.4953137816877,0
15.4352053003642,4.5617590828717,0
15.1721517228129,17.6950682847274,0
14.6609817214999,-17.0206933620268,0
14.2925364655432,-23.9321373169604,0
16.670346237313,28.6733921852351,0
15.8766021047783,-16.0014543052954,0
15.2900141416665,-17.5614403291733,0
11.7834542837696,3.38384041086831,0
17.1414571673349,13.7891470673626,0
15.060856721896,-8.03440958995777,0
16.3868990296179,29.0167116042622,0
14.099994490071,-3.36443666020033,0
15.2353215593879,0.738402496868345,0
15.259914537445,32.3550449327473,0
18.5405647731471,26.5339400222267,0
11.8817002452159,-6.9271017205277,0
14.6595896438031,-46.2117185033859,0
15.5796700014328,-1.41912004314989,0
14.1111106097498,9.46420960201665,0
13.9823124137336,36.312989944965,0
14.6649547499944,-11.4505584045571,0
13.9025109163852,19.5648932536557,0
14.8955801679296,-35.9883169857344,0
13.3953782786265,-13.1235484745498,0
13.036615899568,-3.5755596471024,0
14.6558449762208,19.3081556927939,0
17.8135544745045,-6.84682473540931,0
13.7982065341846,2.40546448278192,0
14.3690706065035,24.9457352252939,0
14.4432714649694,0.375218125486686,0
11.7072838906164,22.2075977045724,0
16.0784293195711,-0.466273958151063,0
15.8865442912655,0.625581917798854,0
11.6256787661933,-28.8173282303427,0
10.5817972194307,-34.158796874179,0
13.6775411482184,11.3613337641245,0
13.585212726478,40.8702232625133,0
15.9486804711547,-26.6044775859306,0
15.6157838774277,18.3475841962204,0
15.2635636786895,-4.82153180341246,0
12.0398519062166,-5.64118948242824,0
15.294376609418,-34.9059801921946,0
9.64705496836059,3.49713172152109,0
15.6344328482762,14.1426876899968,0
14.169114003463,-19.030679121193,0
11.8997143276797,-22.2421903704506,0
17.05505891203,39.0459924570355,0
14.1488652273368,40.556911623488,0
13.8922006662717,-4.69875946752516,0
12.3068043982579,-7.4854117441657,0
12.9061799634605,5.96108652165906,0
16.4272987832353,-6.3126217534233,0
16.3713236739878,17.7628593340922,0
17.7944130968329,9.95756264216726,0
12.2115423276116,-2.32752852163398,0
16.813593379209,-18.5565271229587,0
16.0320542072402,15.7274115107445,0
15.0420641454216,-21.2563212925781,0
13.3800843726869,-75.6614102368505,0
15.1872257363858,-18.3331160487887,0
13.1755462687619,13.8800653262244,0
11.7559307986528,17.521379150542,0
13.4737060001666,-2.98153133308194,0
16.0428264733929,12.766925067486,0
14.888166339248,10.8604381240915,0
19.2266314376094,-6.74028944600686,0
13.3981536220716,12.1274427175289,0
17.5925241156897,-6.11721705285284,0
17.4111747090077,-18.7104146887183,0
17.9615515876924,-7.40369055429026,0
12.8919239663578,16.7681773637008,0
15.888431059715,5.89044191755153,0
19.9646654210786,25.1957094860074,0
14.6647104875509,5.72459513408392,0
15.5671005403993,-21.6032268380086,0
11.808682705804,14.7206840964917,0
15.7254006772439,9.333313567986,0
12.5387179198173,25.0319077723512,0
11.7917911921419,16.1804053875444,0
15.4659570791637,6.60033589439386,0
15.153735293975,17.5026563173999,0
13.6732734883691,-8.66940992549518,0
13.5118039009784,32.7523981297205,0
14.3082730728046,-8.71211248914458,0
16.4573404259974,3.30422972887473,0
16.6212436866203,-1.77455599187267,0
13.4091664107507,8.48343478808896,0
17.2887494138535,2.69179046682622,0
13.8772193760319,0.0769088508878805,0
10.407844924804,-11.9270106460988,0
15.7232970674156,-8.5073385302925,0
13.7331047950203,-8.31827949871567,0
16.1012527548357,-16.8594922043337,0
12.1783179289672,-14.3177447751078,0
15.2774547771433,-28.0875934743701,0
14.3723538055603,2.35653505871323,0
11.4133598498901,6.15032985546802,0
17.7220453940542,-12.208938936865,0
17.2725050009157,-7.19118976560284,0
14.968817063256,19.4244360132128,0
14.9174552414831,6.66371168491438,0
13.2465051037794,9.93420969450384,0
16.3999772957824,4.21787855744991,0
14.1939116653175,27.9718960596943,0
17.0462275452588,-17.802019067355,0
11.1653499550067,-13.5873535437948,0
15.5145947291751,42.1208552611881,0
10.9942012291398,4.34473367264739,0
12.1251946660133,-18.5981567256717,0
19.7169875950861,-45.4172691202508,0
15.3231530270601,-24.1804570362519,0
19.7194593757978,-26.1054191592148,0
14.6678846093287,21.4451917453562,0
15.4792907641,1.90257400718065,0
11.289668698501,-12.233735748839,0
11.7983696299719,13.1014727599599,0
13.614724448354,-16.1274068110684,0
13.7711138574052,-20.7887647949839,0
15.0160902848385,4.73610399262346,0
15.3284642102463,30.8465727205317,0
14.8262186946886,5.80921784681632,0
14.4483802488914,17.2057681421617,0
15.8672815583603,-9.53021148217554,0
13.2195828429546,-10.1413089953233,0
16.1897434697423,-2.47181603726742,0
16.4335856383242,-20.6173816021304,0
11.8128815069812,7.04357289316964,0
17.1397081866803,10.0129978934656,0
14.9316680111255,1.99641857226389,0
14.0995007449692,3.9668603953941,0
13.3287616461017,2.05715014653567,0
11.360459607769,-41.1847908753626,0
13.4882393662094,-58.568661506652,0
14.7125112326958,13.7211333090478,0
12.6896021326295,-39.4583914373021,0
16.7592792667559,28.8266364725419,0
14.7803627557829,-6.65282756446276,0
11.454256189523,-16.8250489187164,0
15.8386745038099,-20.5213674101435,0
17.2994881585583,-10.9982914322807,0
12.2830048376459,6.37659758032553,0
13.6505942319727,-7.23559932949794,0
13.1514055739866,-10.5362781794834,0
12.7411400529226,26.8939683645768,0
12.4119618485437,49.4714749411537,0
16.2933135341686,10.3305434881215,0
17.1608153429984,-28.15863049704,0
15.5053109129687,9.00294077606523,0
18.1313615051149,-18.8452153812973,0
14.0361074823292,1.69060207770459,0
15.2269177540561,9.47485972092924,0
16.4493126036669,9.0760719144669,0
18.1831911269484,-20.4261375010195,0
13.4192295425862,-15.533817001272,0
16.4969665067777,2.45702124834779,0
13.3158531916323,22.8748344037872,0
15.279708838193,12.7969574666165,0
15.3621005013541,17.7491851158009,0
14.9290740120364,-5.04261737586981,0
21.0674983119773,-21.9352994235718,0
17.48641482734,-0.497206551891492,0
13.8676008381011,-2.56901052143718,0
12.3711667123888,-18.4410768175109,0
15.9865277297783,0.298386367036168,0
13.5475221292671,-23.2582770564546,0
15.1559063068645,2.23072681530353,0
13.5020517459424,-27.2199562277285,0
14.7474586177405,-3.62426092051124,0
14.4493942939609,24.5619482989605,0
15.8742007981897,-7.50649976352176,0
16.7085696224338,-2.13806621022169,0
16.888558889374,-31.1371049732552,0
14.9648897995085,-12.884725924717,0
14.5090598506417,15.2547070523299,0
13.1054369274403,-10.3859174844925,0
13.6422420104815,-23.2004978267892,0
14.8257047184792,-1.8129628759707,0
14.8221395921004,-4.50027072902474,0
16.1690062311919,-22.4488321828341,0
18.7359017186504,3.96665226744706,0
16.2128698976366,-23.482975050703,0
16.0718576193746,2.61331389298244,0
15.6789183463861,-1.50246095898824,0
13.2833883103302,-12.8546030333824,0
15.360471218291,58.8103888026056,0
15.0176712716496,-1.23216501198033,0
14.6227319667114,-21.0021156922216,0
13.8122730145789,-28.246201965958,0
17.3636207451468,-11.4000270611327,0
13.5230156171486,7.66604578741697,0
11.3472577728729,34.375074116428,0
17.2571731377336,-17.8276442740656,0
14.0979752063573,33.0815635814369,0
17.8622503104245,-9.90506150613707,0
12.4719098372399,8.09518360274465,0
12.8442098456546,-7.06338108578766,0
13.3387734863773,48.7391341910832,0
16.4737881659689,-11.4490049017569,0
17.5078931834391,-14.6661441829786,0
14.9622941680391,12.9938133895023,0
12.8559183030355,20.3110210875382,0
14.3842923645901,-26.7073432412267,0
16.2933885150523,-11.849741124836,0
16.9677660029072,-12.7210009693688,0
12.9147858924363,17.8226332731775,0
17.3356961124978,-24.7530333814087,0
17.7220765528296,33.2923595720021,0
17.3151721121998,2.79095765137133,0
16.3287810894943,-16.1877264479606,0
14.1534266276264,-28.7891791026264,0
12.9673167548489,19.2975614649156,0
14.1442089835513,-3.71429216034929,0
16.0960002912668,0.764699558703716,0
17.3989970675342,15.6285964025938,0
15.1144030647777,-15.3570474989415,0
13.8686781639701,-13.3380886193188,0
13.1769650862463,-6.34422883242033,0
13.4912952246284,0.982554787740574,0
15.7525353765144,19.4713261797691,0
15.4432359285416,-26.4142980929362,0
18.8542404250446,15.2298765623826,0
14.7308611772564,15.703322347935,0
14.5876667750563,34.395992892784,0
14.8654142906371,-13.7064624481382,0
15.8354483549391,18.8899028086494,0
17.2235834302432,11.8872533547588,0
14.9281578047044,-18.6980627844948,0
15.1179535012582,-6.44129724896376,0
15.0138574815549,20.4683290703259,0
12.8757546835404,-28.5329410390337,0
15.0129959655124,5.34609694969097,0
14.7996429005955,-10.5189865204097,0
14.3293287806656,0.147414390802357,0
14.7206444378779,-22.6808620871906,0
11.4840425400533,20.4601743023103,0
17.8354755331753,39.2699034216981,0
16.5273662955114,-9.20262405358782,0
15.4711580320831,-15.8256416606524,0
13.9810428677463,11.3795889272789,0
15.3094962365839,27.6226604872025,0
15.4333675716359,6.00417469287561,0
13.5229206290766,33.6184760333281,0
17.1143802611939,15.4019663272303,0
14.2232543260191,16.497474006714,0
17.0301482261763,5.40099865624149,0
14.7167869065525,15.8755721292221,0
14.8694940985019,5.32543512585996,0
15.8861823336679,34.1815258988976,0
17.9216111777895,1.17641727487024,0
16.5816078910992,-15.9073568801375,0
14.9919984343277,-5.32132190067823,0
13.6027905163397,-18.0737811026388,0
14.1606823263093,36.7013816396154,0
17.6989011812157,13.5825473850068,0
13.5222067465786,21.7309855426674,0
15.2546539282886,9.83364176503332,0
11.7090023411935,-4.42008370656834,0
16.3575411914229,12.749755031337,0
14.5438887187769,22.8335331787694,0
17.2591169731848,-20.5927456342624,0
15.4476753310633,2.71334166708386,0
14.8926422138492,28.3249463346694,0
16.4306486337845,5.8286206131274,0
14.140346954025,-4.14635658757695,0
13.2119959316859,-35.7225588392654,0
15.3495622512334,16.2355533454133,0
13.6750363838786,12.1277900967399,0
16.2364510956671,9.32091160067893,0
15.6236828616729,-2.00415634688423,0
16.8520050880426,-12.7746944281134,0
15.5138218856403,-6.6974537843282,0
11.5253492279103,-22.5209630950558,0
11.8713677978518,-24.0802869758079,0
15.9089762089152,-16.623419840242,0
13.5623432792165,-26.5870118774425,0
11.9199025380728,27.851726250864,0
15.8882904027852,-8.27306808517262,0
12.1554836201818,-10.5257288816206,0
17.6591496132295,7.83616654637673,0
12.7071434195711,-46.0984333405334,0
16.3210363995712,10.4947886512833,0
15.4795405490584,17.2281444779887,0
15.2393559364208,-3.50813340479868,0
16.118654597847,18.2726613729141,0
13.6211002507672,-2.31772244496679,0
13.7215142952109,14.5202220687602,0
12.6065234155679,-12.3937301406466,0
10.7228796847417,-19.7058494193048,0
17.1717991203845,-27.1330122023188,0
16.1411910730694,25.2734492678382,0
11.636361123478,-4.7331873687522,0
14.2665356057695,24.2284345541682,0
14.4037371075633,15.3483791942477,0
15.8570383438966,29.7381267037163,0
12.5049253661991,-17.9840048897375,0
13.5497594908178,14.2411217565746,0
12.2818088549742,-17.3069979222581,0
13.6359707622699,-0.526210881279584,0
12.0811077473013,-2.01283764296796,0
19.8129244901487,18.7008038376509,0
15.3250482883048,-22.7635076076588,0
13.997532477004,-22.6826068857613,0
8.66395914924597,-23.6613410831282,0
16.9804452313344,-10.1934241048299,0
15.766222437289,0.753833416794377,0
16.587246733035,17.0768686694456,0
20.3423662404949,19.6255076053983,0
12.2045613951446,19.3179267728264,0
11.8237054180341,2.91103395318137,0
14.1034210808897,11.2441402782612,0
13.6396889814275,8.68944972273654,0
19.0766107132243,3.50430172569956,0
14.4735456282812,-25.838760347466,0
17.9855962340923,18.0386611850125,0
18.0407336662521,31.1950341196353,0
15.6282180167906,17.3562573752613,0
13.3644778856641,-1.62424862785994,0
14.0080855309481,-17.6271054683963,0
16.1501754717093,-12.257835021459,0
13.7854642612073,-16.6119377438349,0
14.9137523537874,-25.0369620740364,0
16.5640500080901,18.9317176534688,0
13.9107518483031,-4.15619344516327,0
17.1400067228442,18.6285237551342,0
9.9201268775442,12.5762002920164,0
14.7084044796575,20.1234521323576,0
9.93907851546867,-0.894908440644527,0
15.3562851692449,-15.5651974266406,0
17.765232792273,14.4978632695838,0
13.1145666707084,5.51470073696283,0
16.183593567784,35.4018966022161,0
14.5409146747713,1.33034455300815,0
11.2212037563646,-3.86814809256767,0
14.3140477685147,-4.48747753960701,0
16.882450319158,-41.1550623816489,0
13.7033514612463,-23.3056069281086,0
19.5575412770389,-31.680560493448,0
17.1868231094166,25.0831492969455,0
15.1067883001724,22.9939183183718,0
14.4690735262033,6.76099579726366,0
19.1464803658538,19.3263003985036,0
16.3048919612803,-3.63801041377829,0
17.3052742351958,13.9926445254708,0
14.851397862633,59.9719728865122,0
15.4188884612167,-2.60260798297573,0
16.8184128266472,4.72834008371478,0
10.6593505763946,29.8651514561466,0
15.5285944105886,-11.2108124558059,0
16.6283941629116,-0.556095315418862,0
14.4246125904444,13.9805978748167,0
15.6281495640222,34.8213386796577,0
14.578787112568,23.9988761912249,0
13.9218933490881,-2.08427190105306,0
17.3284991880364,-12.8184183306952,0
18.9528528073613,4.81812418534599,0
15.8802286935184,7.24944532264565,0
12.9480512305773,11.5913662554314,0
15.3319847918036,-3.80319699561317,0
15.1750203093433,7.29550319913543,0
12.3344670722813,-22.94151824254,0
15.1650396733959,5.12107412819322,0
14.256768510714,48.2841699068973,0
14.2495019594371,-4.52226273969092,0
11.5507202836439,-3.85783747900936,0
15.1982960183118,-16.5113116804408,0
16.6679657729396,15.3193923967897,0
11.69662504648,-19.6743074431784,0
13.3437096484006,8.19492601159364,0
15.0967846895101,-19.3587789906561,0
14.633385198772,22.2104741467514,0
14.5622158590277,15.0112976419996,0
13.3915086032254,-21.2096828837782,0
14.7774846630807,27.1107643956066,0
13.8622602870485,-30.4429896631892,0
16.0881587591136,-25.1509101144367,0
13.1810729944014,7.02892352320649,0
14.2460568207879,-21.2427411995688,0
17.6964690312424,-8.46688092122301,0
14.5123078874533,-0.506348550117047,0
11.5009837070385,-19.7730551366129,0
16.7645187535292,-6.45735241645358,0
12.8438369019626,-2.59766549581644,0
13.9859216682998,-16.1947067813159,0
14.8700602513035,0.611842919018958,0
17.8904256723922,-19.9374377828924,0
13.6828610259553,7.27215473021441,0
16.6870189378668,34.2425177707492,0
15.1808074754204,23.5289393670927,0
13.9081219939595,-3.57404360442173,0
14.1922859946713,-15.6123523924159,0
17.3131724254915,-2.59674992527399,0
15.8005443312833,-29.459686952832,0
16.7229364211753,-41.0103317243833,0
16.7573635990626,22.2898111398003,0
11.1115234128608,11.5928345728472,0
16.5224167461809,2.97055250669604,0
14.7939395420083,-18.2457762513294,0
14.8055106079449,-0.781435618213688,0
12.2587531323969,-23.4651823681218,0
15.3814212194665,-37.6180716467623,0
14.1726504787042,7.60454648924844,0
19.2106160164538,22.6467436963597,0
12.4529567149602,-25.9579594726565,0
16.8411274261316,-32.9155569991412,0
15.0271892375866,6.63493765014244,0
14.1884622042883,-8.5138980945529,0
17.3513540795478,-10.9543691752966,0
15.1044797322663,-32.7063983528437,0
17.0664677865375,-12.6661826903017,0
14.1047507304101,-23.3212787624681,0
14.8731351087985,-15.7474439825183,0
13.3290069246507,-21.0421294163184,0
16.8702979820055,-17.6896226217863,0
14.0191191594932,13.6012707973418,0
12.6731148496884,4.81376804626558,0
14.1784510818123,14.7838915983852,0
14.414075156212,-1.01155769563966,0
12.4273727313495,-8.51700681690098,0
12.6745265023545,-3.39975764542106,0
16.0969445926917,-10.2811546443139,0
14.0590092733596,-11.1649370015421,0
12.1273504332138,-6.04433903199774,0
14.8993800276961,5.28332981462717,0
14.4533855010296,38.9647887877025,0
17.5333105165368,-19.9910134675491,0
18.3282786721477,44.3943430255955,0
16.495421466097,12.1470024524983,0
15.3258318294569,31.5064872562675,0
13.9165902626269,24.2796176550985,0
11.0638173501826,6.52472549370176,0
14.0000629324379,2.03465680982195,0
15.95474256382,13.5348349456835,0
14.1603310726058,4.67230760554965,0
14.8684486392531,-20.2614729754111,0
16.0033830494198,29.0071483905075,0
14.7949817732982,-39.7895835708114,0
17.5446664991005,14.3400614425309,0
14.7898952769141,20.8077809654755,0
17.3660149698748,-32.5275455673011,0
16.5024693030107,34.5449536114435,0
16.48452188282,-4.45100944125787,0
15.5576859910765,-14.1877436733843,0
12.7230615655371,-17.3238889928016,0
12.6838020079734,16.9415273295515,0
15.3242368843231,-9.63755551132851,0
14.1293250645296,0.00870953067587607,0
17.417459501301,-10.7522780162122,0
14.5888576717974,12.8922064151495,0
15.1004388275797,-0.200600064652374,0
17.4058586539448,-13.7513775106102,0
14.5724141606564,25.1713011414922,0
13.4616749266958,-28.4555441403554,0
11.9780842737423,15.8004477374005,0
15.7006902047906,26.694194651916,0
13.3613995429638,-20.6104772265327,0
16.0474725080703,-5.84891630856871,0
15.5583588592535,-44.9104517425903,0
17.2259886163513,-38.2452254845489,0
15.3745287667151,-12.9822615018409,0
13.6723138332268,-11.6407656977075,0
13.8561966720807,13.7750528766914,0
13.6488013212043,22.5917431051468,0
15.0915110651339,4.94267280499124,0
14.1538375557117,18.5147651617849,0
15.4565850886003,23.1395916579543,0
15.4554760480737,-5.5610352077957,0
19.4285798077661,-9.09252528007407,0
13.8621855405764,6.36088660579255,0
14.3886681695877,-15.8883915340946,0
14.4876106441997,24.0949625033101,0
14.5657843897194,-9.20998158622627,0
12.5136096026069,14.8209677689611,0
15.6099753038407,4.85239076934239,0
14.7792781900997,-3.05909337485208,0
13.7461238987098,6.97176301846972,0
13.9414034377543,17.4007205833525,0
14.6293565961628,-41.4724427216678,0
12.0063567611129,8.71192296718364,0
12.6039312906777,7.74487009420062,0
16.1148841194577,-19.2310252198803,0
17.0971570735972,-2.46706206385395,0
14.9224638502963,-9.64327913166718,0
15.1097458424373,6.75397483661559,0
16.2695106364119,-17.8371145176678,0
17.200352157808,-27.4056965830388,0
15.1762938748342,-32.3391923189163,0
13.4203628923344,15.4120437463402,0
12.7998105697831,-23.2158271044989,0
19.7588483439984,-40.0408664018561,0
15.6125819351512,17.6339960151881,0
15.2814997036696,-12.9274383393716,0
13.8192965556451,-23.418473639213,0
13.255521479047,-1.71791291880206,0
12.9526638611802,-14.5625696530361,0
14.2198103640444,38.8098958576162,0
14.2288255264982,-30.7862400647068,0
13.7671531173982,15.4982273820844,0
15.1483542200798,2.11900942892582,0
16.721733717435,-14.0296175150748,0
15.2236656532577,7.82238889153217,0
14.3729660705423,21.6112135922613,0
18.6955284333628,-11.2628733310897,0
17.3561445895148,-6.01194561353582,0
15.7210387652428,17.2290928950251,0
14.2668587846574,-4.70858496413239,0
14.0234839919731,-1.06737897777686,0
17.7015317424167,11.1274977357028,0
17.1822791476797,8.18634825316921,0
10.8221293458621,-5.30081994238088,0
14.5681018364768,-3.08295886061108,0
12.4801525153549,14.1120710630685,0
16.141515807047,5.56317596402895,0
14.1029896969536,-25.268537074996,0
17.3000070183295,2.60383326683592,0
11.1811536016018,4.41075611845199,0
13.3268602966463,-11.4218279640522,0
13.1254001512538,-27.9372566100883,0
13.3114241808211,-20.138817885977,0
13.8529536704462,-31.9745776078144,0
16.0326269777365,3.54082990499784,0
17.1670196873171,-39.954534640472,0
18.0449589838155,30.8521984913684,0
17.7510417049762,-6.59940165527321,0
14.9881818194665,-5.78581093686737,0
12.7169535008902,16.8245330672169,0
15.9380446579252,7.88797376421513,0
14.1950114874324,-28.2047281205381,0
16.31979660256,-6.27915888703808,0
15.4098514988739,-2.58570845776433,0
11.0707143111028,-15.2759735266865,0
16.7231036930487,-6.71664108806903,0
13.0700000218499,42.9340853738331,0
17.9358345553978,-10.1099484162615,0
13.4741356433074,-19.4927980458505,0
16.2697572287203,1.2009569378436,0
11.7474628251889,-10.9104062894126,0
16.4533062007199,-23.1937051620404,0
15.7089019750375,-26.5566096596815,0
13.7652748979495,-4.40651239787069,0
13.2200096414843,10.0464180855859,0
15.2279175293667,-17.6852071137556,0
13.3339541468822,-15.1714998471848,0
15.5528818771565,-20.6317219690969,0
14.373955098124,-8.2078803377082,0
15.8131995304037,-18.0313037270018,0
12.8945238446429,-6.86606661318534,0
18.0173260976267,20.5942806457185,0
16.6936156912399,19.3708654043224,0
18.9533399204777,-11.3276198498715,0
13.0570570872424,29.1538246964073,0
15.2292430161415,7.42689112874929,0
14.058370157746,-28.7925067331492,0
15.4106276737198,-6.72651395922748,0
13.758978560003,-13.7622923416471,0
17.2056119942942,9.78007194968238,0
13.8089145282918,8.97061587506698,0
13.8491057010557,-10.3956987094371,0
13.6316381317653,-1.90241713074217,0
15.9875687729054,-1.35279444527934,0
13.2582264968529,-10.5596263953706,0
16.1705014161415,-5.44232991640996,0
14.496846775915,-15.9523587487192,0
14.8283485939281,-7.58771882407955,0
13.7634611136553,31.2803003056397,0
16.9778788500576,-69.9871087209022,0
15.5626717021921,-9.72914513036895,0
14.7658690818006,-8.75085734873312,0
16.9559607234829,-1.29427061985649,0
16.074191555067,14.3401268561635,0
16.0946460365317,4.4427835523721,0
10.7833524208864,5.88022286481016,0
13.9591233914886,-7.63607198584037,0
13.3692387028236,-0.395531658569682,0
17.2099668598624,-33.6417016080159,0
11.6354728015139,11.1011816907319,0
13.8925356601398,24.7880116684953,0
15.3380858232766,-4.04728945820801,0
14.1786952609395,-6.32432206341814,0
16.9899728069478,-30.659143072229,0
13.4249973784386,-6.81626090884037,0
15.0231415789944,12.1605488824168,0
15.8296330699272,28.6236069249307,0
17.1344260750234,-19.6566340139776,0
21.3875665999857,-33.8636072533183,0
14.5236786601312,4.41531230970663,0
14.1296249002161,10.8573214964515,0
16.5951305657978,4.18612734997977,0
14.9594309794682,29.1006978664842,0
16.7415084127521,20.0082911802422,0
16.4168036111677,21.6084129343252,0
15.4623914439894,-5.69811081764557,0
15.027361352272,-12.1010354252198,0
15.6418377720015,-12.2479976249301,0
15.7737696068087,23.4263244915698,0
12.0132415165592,14.2750413193056,0
17.297935834811,-4.22755173464504,0
15.2157160518354,-25.4682435570698,0
17.5315128917992,-32.723247451903,0
18.1203614489725,3.09441669747898,0
13.907382966817,-4.25275248075169,0
15.0532367181364,15.389801696432,0
11.8303846479089,12.7639674798192,0
17.0989816297539,44.1359710707008,0
16.5317652252574,14.9405831098148,0
15.7732031074044,-16.3169310763155,0
12.0582876253738,6.64619610701845,0
15.7260525380772,-17.6428595204584,0
13.9370583513273,39.0576202158778,0
17.0896111525078,-1.57805805767802,0
17.4793862623756,-4.09340719524537,0
12.6809720409078,14.2126925236928,0
17.3454014288316,-32.1886642882115,0
14.3937670514554,-27.2457772960238,0
16.3448502005888,-1.20631313927103,0
17.5953116025937,32.0986279738387,0
16.0717292988056,11.8768684480201,0
15.7855524939958,6.50419911341569,0
12.5277426770715,3.52923662708433,0
15.6197769337379,27.5250998945264,0
13.9057086722446,25.6296015825558,0
15.8750483101044,22.5167892976234,0
12.5832831944784,23.9653689793302,0
18.0569995255747,-5.79079782013116,0
16.2732345429924,-15.4262680078759,0
14.7415599453292,0.821222893100331,0
14.3679845807808,-8.43689391000685,0
15.7353128912294,-20.2274572299541,0
12.4738123719995,30.1419185331287,0
14.2932477690591,44.0836789770734,0
14.7895409654456,-14.8021193240705,0
11.9039697936494,-13.56966674885,0
17.00408119809,-3.09649831330114,0
12.7088192509003,0.621157758711664,0
16.8918540876462,-20.7929277809617,0
14.6134966238273,-9.46301943921105,0
12.5315597417026,-7.15617516919635,0
10.6507825075574,-1.93679252703467,0
15.4172985358696,-36.9196123694329,0
16.7897619494043,-31.7217488988583,0
15.1666451959269,41.6021188528676,0
13.7540343986833,-22.9379217532847,0
12.7933288771968,-17.2051540236884,0
16.5661455158225,22.5865435669596,0
15.164340504573,14.4617718742471,0
16.6410159983568,-15.5832972157599,0
14.1943123891289,11.1568226821644,0
13.2527106249554,43.2606457757341,0
14.9638682374393,37.2582731810012,0
14.2287193196732,-40.5522799976592,0
15.2563419009754,-19.3433954162486,0
12.7658422674204,4.74801930706607,0
13.4253171762806,5.03865963377402,0
15.3853901594079,6.64214097996884,0
16.5780098637919,-3.44105437789547,0
15.3206744612701,1.56733434375801,0
13.4887675018884,-33.1948913569482,0
16.9566400963069,-14.7445349042518,0
14.830903604962,27.4837178722634,0
17.8487524903232,24.1177574266439,0
11.7219854049917,-9.15209394660018,0
14.4651533146194,-10.2032934615563,0
17.0277331895979,15.7534951382076,0
19.1839146516296,9.57741731312418,0
13.4769645936478,-2.45737505170809,0
14.0342321768477,-12.3946612580592,0
12.9533857074547,22.5064127809969,0
15.5834791132669,-1.67466093829102,0
14.9160976367511,8.13450311891856,0
12.5454580558269,23.2879354254622,0
17.9299619756852,-15.469483358585,0
16.694448069537,1.57157718514985,0
16.3858410345056,6.1741500423084,0
17.4880251895666,-40.6654865406931,0
13.2215032126338,-1.75137965378489,0
15.2164628440285,-11.3349044791849,0
14.2681544956389,-7.49401540295091,0
11.2224213739742,-20.1099945010335,0
13.6523291134348,23.2169705253896,0
13.0245156959739,-13.3525311239419,0
15.390282332327,0.800002071659447,0
13.6639661815463,-45.4578564066921,0
16.7335608137832,16.8136168501544,0
16.9376298761068,-20.530207331486,0
18.5598701406082,4.17001073275851,0
13.8590511388862,-2.70028777091933,0
14.8586648879439,-49.5832102715081,0
16.2192124196413,10.338019273102,0
14.8995593324913,-10.2159058067348,0
14.9773871634711,2.03960134828609,0
18.6578140147714,-8.13630502100952,0
14.1864520559921,1.93459013844023,0
14.493118617873,-16.8783152704942,0
12.2222210476497,0.239274840005152,0
15.3208304897695,-2.11818426806892,0
16.1383766180571,23.7517190013794,0
14.8775363120332,-12.432849568496,0
17.0680009732115,-29.7275493840618,0
12.3544965225602,-36.6351801685776,0
12.8325978092161,23.0019324916876,0
17.3839066123857,-31.3463516083873,0
14.5853753571573,31.687710313978,0
15.9571258479721,-2.83879127390075,0
13.0665868887218,-4.67930741565706,0
14.9363994793738,-6.47724688359081,0
14.6952625084376,7.6758174388041,0
13.6768541022041,30.4995912689369,0
16.5910688790417,29.5044250901335,0
18.0410548512565,26.0372952783627,0
13.4164815752499,-20.3109574379538,0
20.3765258120921,-5.95256929943979,0
17.8277969388445,2.13843787713003,0
12.2205819218222,9.22969797772259,0
18.3072699241358,39.6498609110539,0
14.6181359795842,0.452689868714609,0
15.3690632415949,17.8549838061945,0
12.5130871770218,37.3081286220203,0
14.880768854032,-25.5585834189121,0
13.1364309995268,17.2672807321035,0
13.5984232316721,-11.3797270111277,0
17.6468914463395,-20.1471850966816,0
16.5803091193577,0.0766903401287691,0
15.1963364146877,3.00065481537908,0
13.4091332815963,41.220522991119,0
10.1825247035694,0.43064863818501,0
10.1651043155603,29.5297236937502,0
16.8575573815984,-32.1350332852663,0
17.635179800779,-12.3125740121826,0
15.9231194311299,24.30652090605,0
18.5946907393689,-19.4964200439185,0
16.2767867369496,16.4781899596526,0
16.6844525371621,11.5603938008734,0
16.4158382969758,-5.52612671253534,0
16.0834611928094,-1.34725237763222,0
15.9809418879976,22.9866287617692,0
13.5117411880063,-16.1031887420073,0
12.2043933532058,-25.1559235929081,0
12.7829753334278,-3.76255237823878,0
15.846247986335,20.7220684238341,0
15.3423195399046,-28.27012549905,0
16.255384287802,35.9989364900111,0
15.0098573493236,-31.3493741432912,0
18.1563372557062,-3.211810869585,0
13.7833142609516,30.1658872159331,0
17.7414725456827,21.6346564880272,0
17.6217701582527,10.9187936397597,0
15.4283271215199,-24.057275486865,0
13.694704327048,15.1262618492546,0
12.443869888257,-16.6423723236952,0
12.9747218301534,-1.69358394673768,0
12.5505343715312,4.0992141399091,0
15.0806434168377,10.5646670438213,0
12.5844258517337,-14.5213875347231,0
17.5637654589374,3.82959200769679,0
16.0061282963479,18.8977042336363,0
13.8177804696401,-22.5483126592178,0
14.9662353706362,-20.1033951932463,0
16.5246393208021,-29.3080563797092,0
12.3358456271922,-2.12812663500555,0
17.7307529045771,15.2670496693271,0
13.7211746614953,11.4413446641104,0
14.2723076187609,6.30514390883459,0
17.6672591597061,41.288036716691,0
15.5304028180399,-55.3624595537937,0
18.048804862007,-7.60189115886673,0
16.2543507395945,14.3854975003578,0
15.867409896474,-16.5844107709108,0
15.6310311036074,13.8320047542127,0
17.5466641999249,-9.74509904103795,0
16.177999109916,20.3240345441592,0
15.0307002925778,-22.0025227231149,0
18.6213697981076,-3.79689010486941,0
12.7148183808783,22.8483969994909,0
14.4091701911243,-13.391981954161,0
16.1424560731893,20.7376161630624,0
13.8881110027336,9.40465595269641,0
12.7214215390235,27.0405111755999,0
15.8760932582266,9.55560524062615,0
16.1457816600564,9.84983047665951,0
16.4069073800626,9.48627040584467,0
15.8767455495335,-10.0326527731082,0
14.5228358911409,-46.4036726527705,0
15.366811364943,4.66838386204159,0
12.2238668540575,1.76918235117768,0
15.4411987254651,-7.09351136105088,0
14.3765432291508,-12.8891833529384,0
16.1001181090705,16.4409552965746,0
14.6761158316346,-18.4196878912442,0
16.6284965346911,-6.91833072625521,0
15.2090117014099,11.5987872850148,0
13.2912432682333,-33.6696302319454,0
14.9958836473255,-29.3977068737716,0
13.3016364917025,1.89991553494528,0
14.0744474908276,45.0360449715952,0
15.8419074228965,-7.62319368890687,0
16.5010738508215,-2.33089369186453,0
16.3531215185873,5.21216030276332,0
13.4047101778568,-17.4873542939345,0
15.4323682654852,-3.09027859480497,0
15.4814587764809,3.40876269285654,0
12.3602637958688,2.34103888631492,0
14.8988063534725,-2.0228560512796,0
14.7065548725466,-9.39810348325202,0
11.4823423196058,-14.2951017388687,0
15.348886818987,3.97933789202059,0
15.6823525390702,17.1375607012488,0
17.4351769690345,-6.09587071213801,0
15.7646439046261,6.13060620732567,0
16.4244908432229,-7.71934463832613,0
14.969040667361,-21.5080232663559,0
15.1834654081019,-10.6284885516222,0
15.5187025741389,-7.52798687572807,0
16.6347787216384,-4.31310866177427,0
13.4484221859055,-20.5927480531429,0
12.7247942474324,-11.8975038612444,0
12.5978518620665,-23.1424821162243,0
14.3514891023411,35.9381983739954,0
10.8576406151261,0.431945373454351,0
12.7422919835336,-11.6712370302784,0
13.1224566506799,-3.30379862487564,0
13.3267721304116,1.31147785904627,0
14.2951456321319,3.99051710947314,0
13.0599222369171,21.9179993156561,0
16.2457380817006,35.6906200763546,0
14.8759624268297,3.70149110929272,0
13.9933597080481,-30.3885657948735,0
14.093425128964,2.94670324592186,0
14.8190922297415,37.4688440237198,0
13.3497495984065,25.9981009291426,0
16.0881883642059,-23.9653794501514,0
13.4583027962433,-17.0163875177848,0
15.5263425296013,20.222635848499,0
9.89652543371934,-16.463200251695,0
14.2149641535703,11.0520670207307,0
14.5244534326102,7.53269296451943,0
16.6178498741246,11.3092347020534,0
17.2824257547356,13.4672941177617,0
13.1014455206594,16.7483647810078,0
13.351305145427,-4.71748876613656,0
13.8133843759314,-15.5398112567516,0
13.4573023117087,-3.3337038463742,0
15.9048824994711,10.9371737013017,0
14.2848441082921,-17.1702922455071,0
16.046667413538,-23.8311356157603,0
13.8462839810691,-30.1999563123771,0
15.8915408807849,6.2599508024229,0
14.6530763896655,-32.3211582904823,0
16.0819062727977,41.1640452199721,0
14.1778155865906,0.442245399158121,0
15.5613435094809,2.10174160168144,0
19.4147528006883,14.3980119185856,0
14.8325562939953,-39.1488300495039,0
14.5318039807697,7.21582491960578,0
12.0380164732717,18.1557324274031,0
13.7259461337866,-34.578845859165,0
12.7811596811052,-16.0672037937824,0
16.2315905225192,4.81231658363804,0
15.0432446422827,0.444115957156328,0
15.8138154874,16.4823709855543,0
14.7387187410478,-22.6501884516913,0
14.3811166063668,14.7539915240113,0
15.7116415729884,-29.8030924594233,0
16.9736768390075,-3.33319525631492,0
14.3604218247664,-1.32023425314818,0
15.9388581002596,11.2693388714062,0
19.361297297988,18.6855459042586,0
16.7440979311703,-38.1226303885652,0
14.6527616319107,22.3803253093334,0
14.0106540725141,-1.80845863791091,0
12.0062026398461,16.6578741395671,0
15.9740920370802,-22.6478128500442,0
14.0423400404988,-35.1055713365484,0
13.6790756062064,17.2037566252622,0
13.8182578825454,-1.19651484217673,0
16.3436780567224,1.46823806085369,0
16.6908688108039,-6.26585089554986,0
10.5640381484654,19.6944496691725,0
17.201618413617,3.86082539355499,0
13.5397072975185,-3.9618540362789,0
15.0107369350281,7.19940798878816,0
13.2518492922627,-6.5443422613816,0
15.276410619348,-9.18749080899028,0
12.4009015571225,24.8447305969824,0
15.6565893130596,0.691985391038729,0
13.3051823031498,44.7217091480457,0
11.8453347518848,-16.0449400539584,0
11.898636519173,1.86369648174172,0
12.4581212309573,9.03716679895941,0
15.2084465516505,-7.20656412056271,0
13.0159314875827,-22.0814147154712,0
15.8278907448389,-13.6916564216963,0
16.2665656763304,-5.49477833449621,0
15.3086383834122,-32.2437355160146,0
16.567756370413,-4.65915811407786,0
15.6270128047313,19.3994242033739,0
13.0553918390209,19.0271894562244,0
13.1539353753336,12.9852788118388,0
15.375688757617,-7.6742155686944,0
14.8234562659571,16.5785478931336,0
14.4443048366124,16.8166701592965,0
18.742590320567,6.05694537022482,0
12.8981927438684,-42.1673386892974,0
11.7950682103922,0.439757346245061,0
15.1272846966059,1.55040360898646,0
14.2571070922117,-60.9368325946314,0
10.976813798781,13.335534987091,0
19.682128983334,-9.0136854032033,0
18.2338132918652,0.486690625459243,0
17.6481953171655,-24.5104546427889,0
13.9272526643541,-12.0682946554479,0
15.6865698571019,1.56421511801516,0
16.582780622177,19.0041816331432,0
15.8436449088292,-6.4018680195805,0
14.4526475112038,-8.29457398806957,0
13.6950916166094,20.3264275500624,0
11.4134638996008,-54.7538386663639,0
16.2614803750492,32.4331390244599,0
15.516165220084,-10.2850815647924,0
17.6656538806699,-28.1212062620076,0
13.8793417407795,21.1421323396888,0
14.0375999006449,12.3625665125162,0
12.7755254156366,34.1531924290744,0
15.419446059412,-29.8492578933502,0
18.7642799340652,-24.0703001177146,0
13.400612798657,-21.742572297775,0
13.3466097632391,-3.50967699359284,0
13.428224222716,-20.3577276388382,0
14.5237409004023,23.8562092655742,0
15.9793338485041,23.1158508963359,0
14.4778212485873,-7.24076102259442,0
15.4998611338556,21.3986713632217,0
16.4704629937437,1.7111918702464,0
12.997418824497,-10.3723952549531,0
15.3142539552288,9.11887804563234,0
14.240215536837,-19.3734349074033,0
11.5572296224466,-33.5359272077763,0
14.7555548723774,21.4922164586681,0
14.9589450857909,31.1707264412383,0
15.0189897400765,-5.65333162840833,0
-15.0453551816219,14.0289281466457,1
-12.2922050897897,17.1663203089019,1
-17.6246535660825,17.5236270061038,1
-16.2512480105357,14.1099985027294,1
-17.0224330287345,16.9300613402626,1
-14.1394567256446,9.23004886931475,1
-17.0560579702575,11.1459151008118,1
-14.4643879263059,13.0858819005841,1
-15.5619457352257,16.5107512518629,1
-13.1522026873904,13.5771189040631,1
-12.2751927308525,7.5220245047242,1
-13.1372400890538,12.1379682350676,1
-9.6126133869824,8.47512419508471,1
-14.5178255650108,18.9456896600632,1
-16.0088165869047,16.6690241910536,1
-16.5889658513725,12.2353386457454,1
-15.6662194442168,13.0553227836406,1
-18.0972233400971,12.9796032712634,1
-14.7977552262543,20.5103106622688,1
-14.8792673540531,12.2315931615004,1
-13.7141694891676,18.7872148443463,1
-16.5725916364688,14.9282033726358,1
-11.8412573466058,12.9031779880833,1
-15.170631018559,18.4994849824754,1
-11.3819048061606,12.5671413540885,1
-13.1634751550871,15.9664978692856,1
-13.8205900908043,14.5570302103993,1
-12.0785736393883,12.923920615253,1
-17.8757111010242,23.4850556171877,1
-12.1934459049143,14.0500602283651,1
-16.6412194315117,12.1564273234803,1
-13.746931313805,16.9437241217594,1
-16.6688637980906,14.3622103964876,1
-14.6790615765174,14.3282945229057,1
-13.0197203704423,13.903604785902,1
-16.584693250454,16.9444329859224,1
-15.8625696866484,12.0012493535579,1
-12.8524367953198,16.3382193683832,1
-16.2021159151426,22.5610877828622,1
-15.1040333557379,15.8897770601309,1
-13.2825833270715,20.0480476444493,1
-15.787604722617,14.4548545277938,1
-15.7022990774154,20.8368211546691,1
-13.399724358585,12.3156247298679,1
-13.9841951779246,14.5951414305636,1
-13.7808768986488,16.1042783888411,1
-11.237907154231,18.4551709560367,1
-16.4525679869647,17.8099073285335,1
-13.7062801606425,16.4783662933311,1
-13.671339895517,17.6011412658913,1
-17.4521758020777,15.2765690569182,1
-11.5368054887938,11.6636301314381,1
-13.4881258060423,15.1377676998826,1
-14.2923850627854,14.5043383300029,1
-14.8127813362931,16.7195323087105,1
-17.3136535871985,20.3058093357037,1
-16.655056239595,17.5984512499815,1
-15.5175627283996,19.9550140758217,1
-9.5810091153675,12.1671832588776,1
-17.3819164022813,14.8231646435665,1
-16.316083861518,14.9973119366337,1
-15.178428260094,15.4548438003297,1
-18.0411396350773,18.1009142274061,1
-14.013258243775,18.1906383765998,1
-13.4123729693792,15.8818002486603,1
-16.856934082336,14.3610250373473,1
-16.0793836619016,15.0118633851482,1
-17.452819877178,11.1459708395913,1
-12.8710411990441,12.493226380431,1
-15.4517987108601,12.3405046090456,1
-15.7577261357928,12.9950742554565,1
-17.5457734094766,17.6279941428184,1
-14.0659125220257,14.9442542422081,1
-10.9194828216315,10.8735157659661,1
-12.8666875041845,10.9480702961428,1
-12.7604276946972,16.1502963877761,1
-13.4807507500182,11.3607870335773,1
-14.9589627142262,16.015083700158,1
-11.2826043380367,11.4795134347152,1
-17.2326780306904,12.9715862184201,1
-13.9487978830745,16.8308931729785,1
-11.8715880480267,13.3769643751367,1
-13.7392379243455,14.9707489748223,1
-14.3782978249342,13.0976870621887,1
-15.1959925829861,15.3454994511104,1
-16.0063270485177,13.6673435409505,1
-16.739631988614,14.2987930132156,1
-13.1236119049677,18.2856091401172,1
-12.7569435849887,13.1070613072159,1
-14.6939842410357,10.7204570355528,1
-15.9369225023151,18.1236817994456,1
-16.0025873745614,22.5752723583735,1
-18.3088176701079,15.7219190168668,1
-18.9155693027667,15.4472232652028,1
-15.8171316574017,11.6597586781806,1
-12.7878431931085,12.9349111309576,1
-13.0759708958036,15.6643237391681,1
-19.895629396478,16.0894578901097,1
-13.3771789492062,17.2693210942157,1
-16.6020857482538,11.7805719237144,1
-15.8994165283074,21.4780844277495,1
-16.2448929239798,18.4323141126945,1
-16.8299111683694,11.9528084060804,1
-19.0720181912219,12.4264719209546,1
-14.8683761729646,16.9202720795886,1
-16.436730163564,14.2578495452795,1
-12.8372096223759,15.4730731632478,1
-14.2477219578387,18.091133469753,1
-12.5160391435666,16.3137809333639,1
-18.9473418057687,16.1909753907636,1
-14.5053099106319,13.689314854483,1
-16.964094818882,11.6067026776795,1
-16.9706332916353,14.2076515068154,1
-16.6409843378246,13.2151371895486,1
-15.4517259172457,12.3962640250215,1
-15.3036855944473,16.1137136385801,1
-14.8636385985265,19.9972983327004,1
-14.112086928768,18.239431646152,1
-15.2108128727423,13.970808281496,1
-15.5791826758123,15.3764205870563,1
-14.6674951814972,14.1610810309176,1
-10.5968357583965,17.9261430282505,1
-13.1701142402004,9.62628027598863,1
-17.0760939604417,8.73681420243961,1
-11.138557160987,16.5890375454821,1
-14.2050838014287,11.5622514714776,1
-15.7375831265057,19.6629557535631,1
-13.9677191690184,13.6690168052629,1
-13.3239961143551,12.6339454878401,1
-16.8882703463621,16.7291218191713,1
-14.0289610362604,11.9010508917553,1
-15.3674551693149,17.0068574175608,1
-16.2412376328392,11.7446411783834,1
-17.0413305539513,7.65532678583823,1
-16.6479657202646,11.9133548248176,1
-15.1414449030144,16.6489384311332,1
-11.0698076701892,10.737900967926,1
-14.9102481622042,12.1354354262013,1
-15.4245647530958,17.754751936741,1
-16.687671821899,11.1475162005858,1
-15.3178814099509,18.5120485623535,1
-11.384101318383,11.7764353060751,1
-17.6223247414939,15.7374812421279,1
-17.0620071688742,12.400665260554,1
-13.9618925846227,17.7176144493329,1
-13.3165314238882,16.1643071964504,1
-14.4617706038924,15.9819070294169,1
-15.9267697848396,11.0466964243186,1
-14.8689466526958,9.81262835876879,1
-13.2718802609534,13.3289089205544,1
-14.0569512457892,17.2131680100917,1
-18.7794661766227,15.9179164474649,1
-18.7022989094249,17.33273253372,1
-18.1011821813114,15.6764205224833,1
-12.2415503948796,10.5364211660801,1
-12.4571377361175,15.0636709848905,1
-15.7441604847848,20.358300230955,1
-12.4510549930935,15.2168198623986,1
-14.2202521202374,13.5248029235954,1
-13.4217184805765,16.4083527469745,1
-12.9735529941713,15.6455856078765,1
-16.1774175973855,14.417233183886,1
-14.4738808455863,15.68897488625,1
-13.8902344334323,14.2793854573795,1
-15.8774016995319,15.2831880965412,1
-14.0129659731136,14.8770533784842,1
-15.8248417763498,18.098505688503,1
-11.8227511269349,15.5657912251388,1
-15.2438785455881,16.5965973846176,1
-12.963801827762,13.1265048529039,1
-12.9792339426446,17.0788711635424,1
-12.7444110554106,13.2592481804495,1
-15.0488865873285,16.3940208957575,1
-15.2321516252984,13.9592083399895,1
-15.4070146666079,13.8935600439752,1
-16.7634228022444,20.6200826437674,1
-13.6077595822218,15.9386665515645,1
-16.7314709091279,10.6853034557627,1
-13.3450501957331,16.7580559492185,1
-16.4347159398065,15.5340813917405,1
-12.1194986203248,13.0433788152647,1
-13.8324057594832,9.32140177660834,1
-13.0341987758124,18.7504580370722,1
-15.2767304142418,14.9083772035419,1
-15.7686115164714,14.7585818660806,1
-15.0328701305806,13.4428929275995,1
-15.284437108551,14.3203194312451,1
-15.0647066493317,10.7230460450237,1
-14.2712824268235,15.3146555410935,1
-13.5761923816361,19.5755152165411,1
-16.8407259955756,13.9463118743137,1
-12.8062715392217,19.3354985409173,1
-14.8654284942388,18.7745112977421,1
-14.378875976365,12.3241425731039,1
-16.5507890402665,12.4256901628687,1
-12.9470668475867,17.4915984448866,1
-14.2079127007483,14.2102717380482,1
-15.3350993438396,13.4156426117768,1
-15.4916201550022,15.0512810260651,1
-14.1512389544875,15.6198820332304,1
-17.1958432162687,20.0132662006564,1
-12.7208237905597,14.9274561868257,1
-12.3776543334552,12.7249178322733,1
-12.4905605179354,17.2619877492343,1
-13.394142340039,14.1552852917189,1
-16.4431153524797,14.8710209219476,1
-17.7823650332336,15.8859781915892,1
-15.039464106773,15.3966149651638,1
-13.414234099431,12.5628617637382,1
-15.6727632270329,15.5990078184867,1
-14.7833725884467,12.3832942045223,1
-17.076409172489,15.2692075168992,1
-16.9267511419276,11.0507786307959,1
-15.7732483205604,15.6300223120403,1
-15.2590356100382,15.0658664985957,1
-14.532605582697,11.9525785380858,1
-13.4859063352085,17.2401646858848,1
-14.0460104722371,13.5291642292382,1
-13.5595065961379,12.5425765627415,1
-16.3862738456076,12.9823413786156,1
-18.046918269945,12.9332370058561,1
-17.603549340717,15.5793241093763,1
-14.5594986155107,10.9113812363459,1
-19.8907867409486,10.4645865353099,1
-15.6276004635403,13.7481511335721,1
-16.3857440395625,10.2759571769671,1
-7.62337214493554,16.9876269206645,1
-16.4350100483564,11.3537709398859,1
-14.0811006546839,15.0818185084096,1
-15.1045469653183,15.8096481335188,1
-14.2649585509674,17.6617343179563,1
-15.5228594153651,15.896244617274,1
-13.4379432851974,20.5375963436345,1
-15.673049395574,14.1554997978015,1
-13.4051061307822,12.2279040788994,1
-14.183138638955,13.1946360518863,1
-16.9194770098426,12.9503419717167,1
-13.2203971125755,18.1960144772707,1
-15.520058139613,15.9008393943401,1
-13.3806819385139,13.1343332306546,1
-18.1075511088178,13.3241921684729,1
-17.7621145075368,9.3115841002836,1
-15.4304740670547,22.322498450858,1
-13.9147201767301,9.32144312261374,1
-17.7684830115944,10.9818229172791,1
-14.7877248045609,12.2181190002286,1
-16.442202849607,12.3799344144082,1
-15.5873625391476,13.5713053269063,1
-17.6530306375113,15.7364978198838,1
-17.0273696280866,11.8310639336929,1
-12.7293139613092,13.5870525398491,1
-12.4251120112021,15.1874011794929,1
-17.1602358516307,20.9292596305019,1
-14.8074735066696,11.2877105439022,1
-12.579917526641,5.36318708894606,1
-12.8363320187006,9.10503244823422,1
-13.2038183126669,17.007001900086,1
-13.1839829240012,14.84811723978,1
-12.2586868162955,19.9153973577771,1
-13.4904721942556,18.8486139007766,1
-15.834574503891,16.9831216330845,1
-15.9899298353427,21.5385550049332,1
-15.7501941353652,11.1325924957399,1
-14.6603892885917,4.8400076418415,1
-13.2206387146373,17.4225220715493,1
-16.277381656261,13.3453862376155,1
-15.5769419296926,14.7188005875797,1
-16.5934203910601,15.391855836388,1
-15.5699871112644,16.8881150459402,1
-10.3493160924856,10.5653426706689,1
-10.8065801499581,12.4023664135604,1
-15.9880057727967,11.8412624160695,1
-16.1591462219412,17.967433286986,1
-14.5773370683954,20.9752798758544,1
-15.7965935941829,14.7012721432934,1
-13.9293987026577,13.1500658682073,1
-16.496233686152,16.6909960590227,1
-18.394533664292,9.05284865490173,1
-14.197700425985,10.8421841827335,1
-16.7324853484664,12.8420073799885,1
-15.1108595831244,11.5971207000674,1
-14.3484709423042,16.9556237344699,1
-15.9605195844708,11.8341410053761,1
-12.7526568680286,16.212495547597,1
-17.4028664114711,12.759447986187,1
-20.0466856663567,14.9680770318624,1
-16.2503208222849,6.96983909464029,1
-15.0754027069208,20.7996057774263,1
-15.1878051247182,9.73957256927174,1
-16.3221615263806,16.2650622648703,1
-14.9039802790796,11.9374715759415,1
-16.4119512203129,13.5735393328763,1
-15.0280789283871,18.5188157105918,1
-15.8094217216315,13.5179094059911,1
-19.9266892440682,13.1287697410611,1
-17.2900882626099,12.0719093954077,1
-15.2016762465908,17.757672452197,1
-14.5809783716366,10.2813300465088,1
-11.7452675447529,16.4993862033822,1
-14.1030152112953,15.7398284420524,1
-16.4995802044054,18.1958847480926,1
-13.9127635504185,12.8096722868157,1
-13.2410033398141,11.9430719873139,1
-18.2085200079174,16.5026627650798,1
-17.0464122584262,21.4330125584734,1
-15.5199888482902,15.2234390664395,1
-15.4717799308602,19.1563945086113,1
-16.3460715722159,14.8929308695054,1
-16.2500052148076,13.1816743185595,1
-15.4384070634601,23.6860123275507,1
-12.5306988339024,9.49569399842369,1
-15.3980273608236,17.6879361031311,1
-12.5853167317231,18.091128014102,1
-15.0193379333205,16.8487175495366,1
-12.7488730095089,17.1086353889125,1
-14.4403853373532,12.9393448081636,1
-15.7678474940277,14.2641832027071,1
-11.0651033425346,14.3645563533575,1
-10.6194594609404,11.2995951758411,1
-17.7689430390216,8.65220786921608,1
-14.3304810927337,17.0056601935596,1
-16.4183395505947,15.1403273887491,1
-15.7578369632739,17.144272462098,1
-15.8938005372725,23.2593842224812,1
-14.5610136893899,14.4283495076833,1
-17.1145218896651,11.519788590485,1
-12.7504150573584,17.1924502188177,1
-16.2561329393293,12.1075842830761,1
-14.156334694841,16.8125363991859,1
-11.1145205384542,16.3111375351623,1
-11.2782117500453,13.3547199813579,1
-12.6502810052285,18.6685814927157,1
-10.9842390434414,18.7165157274297,1
-13.9990794420965,15.8627471797057,1
-14.091452316215,14.2225457789736,1
-14.6000545459773,16.7252903202433,1
-16.180295434652,16.0656994899428,1
-11.0734041586423,9.86596105171743,1
-16.0200090659627,13.3072834676727,1
-14.5912048630178,14.7837442616147,1
-16.5686181063259,15.4847302211645,1
-19.4134177443138,11.1037702020227,1
-14.2011049317513,15.587175668812,1
-10.127736556217,16.132371778884,1
-15.9801404191552,13.1837468957338,1
-17.1910525405153,13.0587015081258,1
-17.6963566486372,13.3746394267106,1
-14.9665875823664,18.2275232156412,1
-15.6543295815303,14.740404123381,1
-14.1829072691306,14.8093635503035,1
-16.8283154509429,15.988989322281,1
-13.6328668819229,15.2547620524088,1
-16.2589254078726,9.76587413956177,1
-15.3410255791916,16.0993849104968,1
-13.1629384721865,20.4063128076204,1
-15.6277789920521,15.080479772206,1
-12.3508017937518,16.0615034360297,1
-16.4775238670251,13.0627367545978,1
-16.8773212132877,10.769063048287,1
-13.2789788940131,17.088070375777,1
-13.3134418132645,19.4036328897584,1
-14.4185985124184,13.3893447685593,1
-17.8356922530245,10.367107939067,1
-16.3560406530731,13.9769384290774,1
-12.2959350788358,13.9155789583012,1
-17.0400425942578,12.2228999121164,1
-14.2797097660092,9.10117242718023,1
-15.5094740756304,13.8764444009861,1
-12.1870696350301,16.7127930780565,1
-15.6965907821854,14.5938603541,1
-17.5080608881481,21.0210966914505,1
-17.1628802989605,10.753819326252,1
-16.4726227982962,4.21973875938607,1
-18.8573493563427,13.5894942952961,1
-11.7799590087936,14.4284503099976,1
-17.1504794293944,17.5371734947317,1
-12.4817055877827,15.6681417429979,1
-13.2928503597593,11.7160878755481,1
-21.534457771837,17.3578869720408,1
-13.1309294869961,12.7547246525355,1
-17.2781800651398,13.9596915854555,1
-12.7586673190471,10.7666886258737,1
-13.0050928877157,17.8133459739787,1
-16.7635572717413,16.9725551022244,1
-15.2376131681112,12.2973710194238,1
-14.9326897289326,16.2884384669297,1
-15.6706939186871,16.3198526221154,1
-16.4575950013801,19.5215822750861,1
-16.2140896272803,13.4433155651451,1
-16.9484500090517,10.577437714373,1
-12.8195875999683,15.3121171591362,1
-17.1968023395858,18.6753862396214,1
-14.6033971894003,14.4284722951326,1
-12.6761077289571,17.4029330161596,1
-13.9453532783514,15.00303197633,1
-11.0841621743339,17.0252102831579,1
-11.7596946068434,16.4218356072051,1
-15.0303102234706,22.8381742449256,1
-18.6498364800468,14.8565069521278,1
-14.2300438200276,19.1653133923906,1
-13.3365830577715,11.9456513376138,1
-16.3038674365198,13.9944606163785,1
-17.6287690556864,11.8579285315463,1
-13.1095014677958,17.4127799941792,1
-15.6589045131169,15.8250697045473,1
-13.42005860116,13.237269662262,1
-15.2201213427992,16.3857386791308,1
-13.5326663886741,11.9031240107998,1
-15.1991670422254,13.9235866642418,1
-14.9853345603094,10.3797631685153,1
-13.5077711340506,13.6430775111257,1
-15.1845621051772,11.4741968398508,1
-17.2924046693189,10.9753773864843,1
-15.6501056539444,19.1228280355652,1
-16.4166349140129,8.19045506334236,1
-16.819181608692,17.0597576762638,1
-10.8949692438835,16.0511925440456,1
-13.8326251143814,17.7878818076657,1
-10.3290375532367,9.36223849111845,1
-14.2054214863608,11.1974133479156,1
-16.0653452427471,15.482812917622,1
-15.9675535667022,20.2841240363999,1
-14.2080674614992,16.6237712865256,1
-12.7516699585384,17.5735158767352,1
-17.428112638324,18.9844533727956,1
-16.2608616499528,20.0129107453569,1
-18.0003516473909,13.6040284329291,1
-14.1678529004899,21.3200149801787,1
-15.4302509500343,15.4683981303689,1
-13.1501783207118,14.2933805845946,1
-13.4322172466576,18.8446822147462,1
-18.5506512906906,15.727679231492,1
-17.9229141168196,12.2177765792719,1
-15.6700754519947,20.2264204645769,1
-14.5673310243656,18.4523254882056,1
-17.9291971306735,20.3749428506477,1
-19.4427315314442,19.1462581458493,1
-16.1472085901209,12.1355286154159,1
-16.1730556554542,17.752660802417,1
-20.3541927312058,12.650172091819,1
-16.3042445856393,12.3649060282331,1
-14.0051987971066,12.31213460354,1
-15.6736432814697,16.8117905593857,1
-11.8512884891504,16.3534725024377,1
-14.5249963728974,15.3578740029793,1
-15.5313432564691,10.9977187629662,1
-15.461441098955,16.3562631428941,1
-16.0352488944433,10.9050663083083,1
-15.1628016141021,16.3315141929844,1
-15.3597488674469,13.7465842195314,1
-17.4251996789005,19.3419059576523,1
-12.4765179132455,15.3248384076246,1
-12.7893017773055,14.1782092718386,1
-16.8130201454079,15.9790548136711,1
-15.690741083586,16.2111093904431,1
-14.4003304736199,15.7309364420122,1
-13.0586814368305,15.8665268372117,1
-16.0201683013518,8.16164485380407,1
-13.9217914335396,14.7147601806761,1
-15.8119461490567,15.5592530477338,1
-18.5127020478179,17.5872025458991,1
-20.1154242513139,12.5417778804243,1
-10.778815272881,8.41484755796527,1
-13.0485099382414,11.5715304609034,1
-15.9939797881839,17.4151077168463,1
-18.2120678135344,13.1412167974923,1
-12.4798316182954,16.1867598317793,1
-14.6133124924557,14.8312800305212,1
-15.679102627283,15.114557083664,1
-17.1444156925157,10.0448892905229,1
-19.2492975019252,12.1545412280548,1
-19.0500911115038,13.1809263859197,1
-15.0911675823256,18.8180628686526,1
-15.1579776940315,13.5344769109636,1
-16.2261629612884,15.7979331926178,1
-15.4356889008992,12.356392921123,1
-15.8532503673929,12.6083296806844,1
-14.2683967603424,13.9649882881354,1
-15.606566206114,11.2026186427753,1
-15.4287392766036,16.7816079357508,1
-15.5517029070767,14.5681992863775,1
-14.5097152845353,12.1963590664162,1
-17.2024617428383,11.6068279468325,1
-16.691802578205,16.4517440129128,1
-13.2562351703947,19.173866953874,1
-17.1539119856399,11.1407847181503,1
-16.2687356936111,15.5972637518043,1
-13.2676922284791,17.0947032315695,1
-15.2321661143106,15.3133890531093,1
-15.4486115496146,15.777343887371,1
-17.5950653150087,17.6174159653663,1
-16.0440346695889,12.4058642453419,1
-13.95649788769,17.8806875420959,1
-17.3511800655009,14.6814499078135,1
-15.9213102486665,12.0426114554012,1
-12.010517108442,15.8529711481871,1
-17.1260186323091,16.9411506434416,1
-15.9470965596486,10.6869410953999,1
-12.9733390785448,17.965117929917,1
-18.1638454087775,12.3803669145322,1
-15.1406464394451,-11.5639786512205,2
-16.7860627795832,-14.6908719659218,2
-17.5600238238524,-16.4286469487027,2
-16.9216634785461,-18.5958490718772,2
-14.2327980707117,-22.3578361038833,2
-10.0301581816054,-15.8644446681517,2
-12.5958066629892,-15.7418986041205,2
-14.7246784605615,-11.6902101421175,2
-15.9462043685286,-18.6554587298155,2
-16.3652092981743,-7.45378472179754,2
-20.1644903412921,-13.9040866562007,2
-12.7736796664317,-18.9023641026611,2
-12.9608014198932,-13.8557594394125,2
-14.7554919406976,-14.1194201075127,2
-16.6768056212105,-14.2869761187013,2
-13.5442579847549,-19.95215426722,2
-17.5282111390593,-13.1874689859585,2
-16.2136639965054,-15.1998264698777,2
-18.2902167682938,-15.371803088057,2
-16.1899511740478,-16.0395217909267,2
-17.7440859334998,-11.9758323096531,2
-14.1736830447129,-15.4386682845258,2
-13.6487489306524,-19.4905213470827,2
-18.3011194269637,-15.8419115914887,2
-14.1973159281952,-16.189769770673,2
-15.2521462355713,-16.5513108448578,2
-14.6304270353993,-17.6329467869562,2
-13.1282713468017,-18.1944263223817,2
-15.5673125039108,-17.467398419718,2
-17.8436770014519,-14.8274960055589,2
-13.7223399334139,-18.0491179345045,2
-15.494131128539,-16.0579496623284,2
-19.3404214963694,-20.6191657735957,2
-16.4990724991446,-19.8256637143939,2
-11.749074775982,-14.5198303844812,2
-12.8161650978971,-19.7088533433644,2
-17.3159612192111,-14.9801505566086,2
-15.3269633323627,-14.0415577260103,2
-13.9389795160739,-11.0500452647195,2
-16.0265570227241,-11.6517962631079,2
-11.440342821755,-12.7895897881405,2
-13.1293817379802,-14.6113418584017,2
-16.7881856026682,-21.9466476342976,2
-15.2679212048534,-14.6777053170487,2
-15.4828383168375,-17.4569360173431,2
-17.5499563558237,-16.0001146051599,2
-18.1371004347777,-15.0610885236852,2
-14.994026815337,-14.0011227212391,2
-11.6408718828504,-16.8739383533129,2
-15.8822965500118,-19.0193019922705,2
-19.7966658963779,-18.1796683486088,2
-17.5348003450148,-10.4511159445938,2
-17.5689806498395,-11.9383939795867,2
-17.802751712563,-15.3735019692804,2
-12.8415214291473,-11.6063562660002,2
-12.4686741851186,-14.2417154932961,2
-15.4397883259769,-18.1136808229118,2
-16.9465411464111,-16.4833991134319,2
-15.2113824216557,-12.5704511170256,2
-15.4106716373017,-16.0483369516737,2
-17.1718948263489,-14.7850217552108,2
-17.0971832688657,-13.5812577643203,2
-17.3926264688208,-17.9504968789134,2
-17.9527858773684,-14.320202347466,2
-17.4153391696334,-11.0425321641797,2
-16.8369403400212,-12.7982510549735,2
-13.3799458584092,-16.1923572347741,2
-17.0071127702859,-15.4981169441081,2
-15.865283787325,-21.7595802848973,2
-17.3326405683297,-18.24986916896,2
-15.491010178525,-13.0234590501033,2
-11.9273439361019,-13.0092768219739,2
-17.4025346848705,-22.2182147603055,2
-17.5979546896974,-16.0425051008957,2
-14.0555666946493,-17.9477169516804,2
-13.4590204405686,-17.5872929752607,2
-15.6366001418031,-16.0630734393193,2
-17.9628394227233,-14.6774330855576,2
-18.5180188313162,-22.6553863962431,2
-14.9058321685037,-10.0261600389306,2
-16.3109576832747,-10.8863934186018,2
-21.0800584242571,-17.902438440106,2
-16.4503035662128,-13.5625433156513,2
-15.0494397838923,-10.5248055938726,2
-11.9898750665814,-21.9717943694658,2
-17.0847283348644,-14.4979538224868,2
-12.7732782210768,-15.7993778989648,2
-15.2682720690882,-14.2525448919665,2
-12.4552532620379,-16.1836597724775,2
-14.6789742482469,-15.7642726109434,2
-12.7939863511551,-18.8883285007597,2
-16.3333823498137,-18.0599763973751,2
-12.1627449773103,-19.3070209251333,2
-12.4092135234597,-13.9114946278351,2
-10.9806144488631,-17.5034674342092,2
-14.3690697369486,-19.8994421760866,2
-16.7791703341979,-15.4692313620468,2
-12.795494308417,-14.5825971697776,2
-17.7436072302325,-15.6504963606741,2
-13.6465481728583,-12.0706646184516,2
-11.2461224130872,-18.0354747014305,2
-16.8118724235617,-14.0173727571911,2
-18.827699106357,-13.8706870157128,2
-15.8999755678072,-10.9928822062778,2
-17.0996797951017,-18.150936587334,2
-14.1548153677687,-16.3966090723636,2
-15.6271704569535,-16.4219878094447,2
-18.3043762224463,-14.8176534269814,2
-13.8333117672606,-15.1465560318871,2
-16.0588962298207,-16.3242247797927,2
-13.4759761317212,-8.83430390554573,2
-21.2171542201739,-14.8664098268869,2
-18.9117700333192,-16.7718644812194,2
-9.07508145049971,-13.3316410589637,2
-12.5983692025862,-13.2136740905047,2
-16.5795226804066,-15.7274644882764,2
-12.9811847975554,-13.0076218350042,2
-12.4686390464712,-13.5180710441947,2
-17.3286531662852,-11.1258440867956,2
-14.3749123400088,-13.2310242843346,2
-13.9271675079436,-13.0739043395671,2
-15.661490073934,-12.4057234410445,2
-15.5389453702142,-12.2404678833307,2
-15.038713816241,-14.5973034915647,2
-13.1230606320833,-12.7002426956399,2
-13.4187966354828,-15.7945666188746,2
-15.5352244150012,-15.1045534288076,2
-14.0525031842974,-13.6393904100524,2
-17.6581610322712,-19.7206613666126,2
-15.8417501274226,-13.694432468655,2
-10.2163799234476,-15.0554913161441,2
-16.0459937390359,-14.9283452559563,2
-15.429183220284,-16.5295934778938,2
-14.6760149693686,-21.6641568467036,2
-14.4590093476927,-14.6967856589254,2
-14.0727792599739,-18.3145544442987,2
-12.3165123971796,-14.4397310796883,2
-15.6922945469867,-9.16740499686533,2
-12.5654590673559,-15.8992375278444,2
-15.9364014471696,-20.0959146695067,2
-10.3845516947473,-18.8371563964402,2
-11.7828894616104,-6.92567584409845,2
-16.1947030089976,-16.9271127194509,2
-12.5156017933496,-13.1932685717825,2
-17.4885123445353,-15.595396654052,2
-16.7746841880968,-12.5554992409686,2
-20.8457222484195,-14.7274702979245,2
-13.8125805821472,-18.6767690438322,2
-14.3473233546325,-14.6986674981847,2
-13.8793621583168,-13.9580831109442,2
-13.6681626329837,-17.2786759706397,2
-15.4390335982348,-18.5676804333904,2
-15.0877716145457,-14.0458899601047,2
-19.1205666273424,-21.3289441193211,2
-17.2531974309949,-14.7109920321039,2
-14.4336184559492,-15.6907723562148,2
-13.7068124485327,-13.0512390735033,2
-15.9464081677843,-14.9113049126717,2
-14.288179816566,-13.3854492266468,2
-14.8333844371267,-19.2997392448124,2
-16.1650451186776,-15.0015423098585,2
-13.8931182354862,-14.4689265007498,2
-12.6760811525038,-22.9431257973284,2
-13.1564563244855,-17.0225366356626,2
-14.9622436029548,-16.9692128210802,2
-17.9842844195765,-16.881949714527,2
-15.9588002300062,-13.559661951766,2
-14.986951041389,-16.6608346685133,2
-12.817172193209,-15.1554540255154,2
-14.1285744953371,-15.7635163201563,2
-13.9046548016924,-13.1602949630361,2
-16.6917679238987,-10.2979726269865,2
-13.8563117809924,-19.5567846102031,2
-14.7411769210064,-16.6551203786873,2
-16.1439446850122,-16.6165499108118,2
-16.1258782328607,-15.377314993899,2
-20.989169133596,-12.6780095573235,2
-14.547473433155,-17.8739331336444,2
-16.1290105777678,-12.0296902759328,2
-13.8329356843208,-20.1664141725766,2
-14.2844852694051,-16.1569506499007,2
-14.6301510757784,-15.9354762493833,2
-14.9397705296965,-15.3849660850019,2
-14.0344675219749,-15.9896205640758,2
-14.2149208570169,-13.6858956902936,2
-18.2146712210177,-17.5068934995289,2
-17.8425422873125,-14.8929652772576,2
-13.101461143486,-6.4933582358027,2
-15.4147748954625,-16.7550993987434,2
-10.5584083938916,-17.8056948525702,2
-14.5709299416312,-10.1154673794477,2
-15.8052275375287,-21.4956355094561,2
-14.7934613265898,-16.0637197642368,2
-12.7834074480417,-15.1308717243249,2
-9.94740042881242,-17.4519940020221,2
-17.7785922142844,-11.4773913934924,2
-13.0758330801382,-8.38075655272064,2
-15.4150953876846,-20.1140267928945,2
-12.3318313121191,-22.5706451938518,2
-12.7182591223213,-20.319639053634,2
-13.2223770178192,-12.0509282194976,2
-13.3779137613732,-14.2436424819561,2
-12.4366208154661,-15.461651473462,2
-14.086188633122,-14.3430731730516,2
-15.2016166246959,-12.3329622546536,2
-11.53931345618,-16.4892999570334,2
-19.761775157741,-22.0688611389209,2
-17.5372206442738,-18.7031088333027,2
-14.1983075082495,-11.3349214005188,2
-14.288852237706,-17.0539758730219,2
-14.3706401631477,-20.4825254627715,2
-15.2321538854916,-14.3897549492898,2
-16.7058695903804,-14.0710543944883,2
-13.9606300211101,-18.1689650061373,2
-12.4770753156091,-18.6886445415844,2
-15.3140655284638,-16.6086263782806,2
-14.0210167482569,-14.4126463544456,2
-14.8858509009246,-16.0393597762146,2
-13.4237539210345,-18.0375908407642,2
-15.979014738335,-16.88361348883,2
-13.3257513979176,-16.6840620437052,2
-16.4902073568008,-18.8982929643472,2
-13.2077795640586,-17.1359200930672,2
-18.6445090390732,-16.9297840602248,2
-13.7807101902305,-10.2481534541922,2
-14.9171726069444,-17.7603290786355,2
-14.529129078417,-15.0521898107072,2
-14.8866456393682,-12.4030046683442,2
-15.7373191468291,-16.0145546141305,2
-15.6592546817458,-14.0319064764649,2
-14.4865320802328,-14.4461116744401,2
-15.5393827638908,-6.782158931649,2
-14.3993688608802,-13.5669524114401,2
-18.035975234743,-18.1554720908758,2
-15.7235401873299,-17.6644320683387,2
-13.8678150012506,-22.9318199841823,2
-14.6461194786509,-18.7309540991233,2
-13.4714750955938,-14.9036879738303,2
-14.2094145543278,-9.10441511123106,2
-16.2957610824719,-13.3064629434372,2
-14.9608870334863,-18.369725587065,2
-11.7716061879791,-14.0850686302054,2
-14.944266768801,-12.0734579756168,2
-16.6247491038635,-15.8548373085568,2
-18.6288389766745,-20.015888589265,2
-17.4854477887327,-14.9554313632471,2
-13.2922137178314,-13.3444867516911,2
-17.1745466539677,-19.7718053991978,2
-15.7340095507147,-16.6912318465609,2
-13.8351058117276,-14.7140753536754,2
-16.1104352345406,-13.0533916502803,2
-17.3156622540454,-21.2097391421926,2
-15.1564755622046,-16.9059093974116,2
-14.7668294849252,-18.6582526924628,2
-15.0219275586767,-19.3835540279492,2
-11.8966627027861,-13.4208534013152,2
-14.0073906912903,-14.7310227076139,2
-14.5611225235752,-13.6332600109228,2
-14.6438550450324,-14.3906354411142,2
-14.3262919435604,-14.7002492409382,2
-16.9702428502244,-19.9856792867688,2
-14.7618525062769,-15.2519810779104,2
-20.4560486539645,-11.6115494528963,2
-15.2282662689202,-16.3118477682703,2
-17.0048820227473,-15.5509711144342,2
-18.860246254039,-15.2663855013965,2
-9.98248069349665,-20.5524718596264,2
-13.7026300359503,-13.7087950824729,2
-12.6484615674194,-13.7152625080571,2
-11.8098455333721,-20.872131639207,2
-15.6096148054808,-13.5079714711927,2
-13.4672813545032,-17.1864110382081,2
-10.8927796001832,-15.5283734918474,2
-12.5982942649999,-9.85468686726298,2
-17.6458775567003,-15.1736137078679,2
-12.4013092201695,-12.4717453434247,2
-12.6769904554167,-13.4470424306214,2
-16.7745693062213,-15.4674228036434,2
-13.1298193784317,-16.3856122926268,2
-14.6618647595904,-19.9888292288251,2
-16.2047508588034,-10.2280266338905,2
-15.6254047824092,-18.7562615021743,2
-13.8642625623078,-19.688993644982,2
-14.7824696501579,-15.3992414071221,2
-14.2304652220554,-12.0858735570948,2
-15.6251971684806,-14.6768560406991,2
-17.1319477382847,-9.71250713837133,2
-16.0927437990237,-12.7248896743754,2
-14.6462816809732,-12.8434071877908,2
-14.4588484914379,-15.1907184503153,2
-17.463107861646,-17.0397149017127,2
-13.6957430319854,-13.9294025085243,2
-13.8462650514754,-10.5972837529735,2
-14.1199325903283,-12.122815595752,2
-14.870209164675,-14.8847727079266,2
-18.7733103035322,-17.755981249607,2
-14.7524931703192,-15.8247719042372,2
-17.0330800700064,-10.0696827207774,2
-16.1900595557481,-13.9711908097775,2
-15.8285418627904,-19.6089501883243,2
-12.5779334929407,-15.4452679698734,2
-15.862362103897,-8.92357576930043,2
-15.6497894248827,-15.8260151110176,2
-14.8178764654654,-13.62804570507,2
-16.801433841096,-15.1478783882349,2
-14.4106021056866,-13.3827472672845,2
-16.2829364193051,-8.79947396413032,2
-10.9737646353518,-14.3907432955497,2
-13.618213270093,-14.3790982072428,2
-14.8297816670696,-16.9717091655391,2
-16.31645683471,-9.468456424503,2
-14.3530635018877,-12.9810800286548,2
-15.0303489664444,-13.4014188852658,2
-13.1852370918972,-16.511310753851,2
-12.1077724575751,-17.9234160397801,2
-16.2552488659901,-21.3255295521763,2
-11.9530704101364,-16.1424022752444,2
-16.3120172703205,-9.40709681812912,2
-13.4984526489151,-14.814747534926,2
-15.2102300230595,-15.1413876338837,2
-13.6651485631183,-17.8131657862199,2
-15.590298378854,-16.9068129691716,2
-17.9573449211465,-22.6354915448774,2
-15.4851927190536,-12.3624566643275,2
-16.6274756757467,-17.444670970125,2
-16.286484040611,-22.316715578423,2
-15.5027980752115,-13.3639758095176,2
-14.668375553304,-14.6601459272958,2
-16.3890401831483,-16.868068152619,2
-14.7977477870069,-17.5534338031759,2
-13.0048801161014,-10.0975032251654,2
-14.9642271004557,-14.3934914193101,2
-16.4419170688334,-17.6517972820361,2
-13.8766362675139,-16.2220994343017,2
-14.6762994828176,-12.6761625469676,2
-12.7253443989195,-16.6369030936652,2
-14.3658649065353,-19.8697038329389,2
-17.5557370402055,-16.312251463223,2
-15.1987664359887,-13.6142904798705,2
-13.6809103288751,-16.9817104047494,2
-12.8734076163839,-17.6074573580506,2
-18.5314695813938,-14.5879933815885,2
-15.062310167514,-14.7880037257113,2
-18.6784733487641,-12.4461666019685,2
-13.9096546062397,-13.4131117935922,2
-15.2564935587772,-21.9522071593731,2
-19.1533272297191,-12.0194010747924,2
-11.6903228880514,-17.5790811475782,2
-17.02606236939,-8.34620069700193,2
-13.8539583449015,-11.9408916185449,2
-16.7662087310309,-17.5967758960842,2
-14.8769673503674,-18.5915707174457,2
-18.4837991412967,-10.6687714337176,2
-13.7126960623983,-12.1912080010055,2
-16.9443996903711,-13.6874816018246,2
-17.0972194218405,-14.045656302387,2
-16.2362838961838,-16.9868702121644,2
-14.8138923049358,-12.2452525839542,2
-13.924127219487,-11.5771033625905,2
-12.3799521574495,-21.4260366131083,2
-15.5605664870414,-12.8604386302105,2
-14.6446455556504,-10.879305701204,2
-15.2764694567534,-17.0017622059111,2
-13.7890913571839,-16.3678179668366,2
-13.8724494869448,-12.8302651370274,2
-15.4385732053047,-14.3699354015954,2
-13.5653777241098,-14.7509730976715,2
-15.1667653056616,-11.3539871418322,2
-17.8502576737864,-15.4018777761051,2
-16.2616846440502,-13.7445211227626,2
-15.8845513016191,-8.93440636582207,2
-13.9771416082697,-13.9189106253646,2
-16.7639126830476,-17.5341393647809,2
-13.4122609758573,-9.73383912522298,2
-13.7217063511603,-11.3302826618364,2
-16.6128486545259,-20.0989026196294,2
-16.1937255417917,-15.4715512581858,2
-12.9486109960958,-16.5276644214836,2
-13.7052341594806,-17.0393852174346,2
-15.1435160587537,-15.3573081515833,2
-11.311183154336,-19.2922090815153,2
-15.930988935637,-14.6600346494759,2
-15.7425996555856,-18.7757054038218,2
-15.6979129998233,-16.4905201503886,2
-11.3764784217183,-14.638104270177,2
-16.5190462169311,-12.9299872204543,2
-14.6430870996871,-16.7544462778038,2
-14.2931226213658,-16.7761200322929,2
-15.9787007732503,-16.6720462372654,2
-15.0641753400253,-12.8240616594183,2
-17.3653737420166,-10.8935443066463,2
-14.8489851236396,-18.2838259306158,2
-7.7360123795432,-13.3095532929758,2
-16.8525009119673,-18.246363378173,2
-13.5568448006805,-16.4868666130955,2
-14.8462968371073,-14.0524702053009,2
-16.3153973490336,-11.4703152917954,2
-14.9673419958187,-15.1733623098103,2
-14.2564756312276,-17.2171742430752,2
-13.7367471691775,-15.4730822833487,2
-14.7393900585987,-17.1734507604299,2
-16.8843867570679,-16.9239284804899,2
-15.9770843211446,-12.0945619684837,2
-15.4478972208785,-11.6635669383594,2
-15.9313623104695,-17.5469934330428,2
-15.4846784726993,-16.0527955061364,2
-14.3804785632909,-12.5253391029012,2
-16.5333897932468,-9.66376502397492,2
-14.8622928845738,-15.2443355918433,2
-17.0779566752844,-15.3371611465385,2
-17.5336442184718,-9.71261736439799,2
-14.6751624138841,-11.2059898437311,2
-14.9551825718461,-16.8745182102878,2
-14.4029120112648,-13.5985354068109,2
-15.3443132371521,-13.614558744274,2
-15.1395956379018,-15.4087285547873,2
-18.6942637517505,-15.8905968241639,2
-15.5863955351747,-16.7802529743868,2
-18.7657687056587,-14.3004838156205,2
-17.7622685100072,-15.4164032203133,2
-18.8881547905271,-20.5019512016833,2
-16.4237143055028,-9.01216860501296,2
-17.0610368986748,-14.9567006722028,2
-15.0100398505901,-15.4045419375114,2
-14.3718450897107,-10.5260950309272,2
-16.3162775635645,-18.8045221334754,2
-16.2959107892355,-13.3476302601062,2
-13.5271068859045,-12.6212647298308,2
-19.3097814454976,-18.8117313655726,2
-14.5002271345001,-13.6532408042361,2
-15.3021527149575,-13.2986433308855,2
-14.5019299797185,-16.0767669922168,2
-15.7802454600504,-15.5482934932491,2
-14.7156536390768,-12.6151272360055,2
-19.0806913259924,-10.6915182436396,2
-15.5396567830209,-16.1936230912186,2
-13.207398414967,-14.9918715689046,2
-12.7371779600145,-16.5064724650259,2
-16.0363057764985,-14.074043684459,2
-15.6378244751258,-14.7866765936602,2
-12.1352041493268,-13.7752988512686,2
-12.0776029024446,-12.3345935291485,2
-16.1298971629219,-10.5223862171936,2
-14.8474608715006,-16.7209086866166,2
-16.7408282311569,-13.431304599838,2
-16.6243390613281,-16.0020348375284,2
-12.9802510792097,-13.8198394834349,2
-12.2690411045229,-9.21774020112271,2
-19.0791093406776,-14.8017486493906,2
-15.708616216347,-15.7976965143446,2
-14.4490642244889,-10.5823357786673,2
-17.7354353443538,-19.7205353247033,2
-16.9850113086561,-17.285335664683,2
-18.8900081546729,-10.4693886147499,2
-16.2024347561866,-13.9579235317575,2
-16.7935213145475,-20.296029277514,2
-16.2908037576084,-14.6583850627084,2
-11.840137990145,-10.4098085227051,2
-13.3335850527774,-18.0238341416206,2
-11.3514653154041,-17.6405995512519,2
-13.6753085804548,-5.91448777302967,2
-12.0092974140405,-16.0168921200688,2
-14.3473738615057,-15.6690780250701,2
-11.5057257321828,-14.0127234517858,2
-16.8398036309462,-13.4608587839264,2
-14.2666616994489,-14.0374506695258,2
-13.6841566044271,-17.8181878680294,2
-19.0144730582332,-14.1077006960931,2
-13.966113551994,-8.86062802570161,2
-16.0459555098537,-17.6777340276937,2
-13.2365099342651,-17.0842855081507,2
-16.7946222692053,-9.25282396896856,2
-13.83053449106,-14.3917253879807,2
-14.0000537048009,-13.6175311135999,2
-17.1792295092325,-13.5065606207118,2
-15.3139515205154,-14.3964365610257,2
-18.0664958352903,-11.6325193370205,2
-12.2679282581999,-10.6677079704611,2
-15.678382988874,-12.2438758917019,2
-9.37759177952751,-13.6817173393778,2
-14.9186163656741,-15.7502911792408,2
-19.3785922017246,-14.2942823992247,2
-12.9360064665283,-15.3195481678408,2
-15.2254758538956,-20.4303268508021,2
-16.927485128167,-12.9874387320314,2
-16.7099685553386,-16.0132552132172,2
-14.9171901918325,-20.0851960367631,2
-15.4678013563493,-16.133268730115,2
-17.0611211123925,-13.7122668554069,2
-19.9674859194659,-14.2000186148886,2
-15.2862767178675,-11.6170709900966,2
-13.8544063012205,-15.1672212563549,2
-20.0065567366834,-17.3050465282715,2
-10.591970184709,-16.5959385915139,2
-15.6667709227074,-14.8837662754655,2
-15.213005539306,-16.1499788223524,2
-12.8568764940031,-17.360729416511,2
-12.8107326911497,-16.7461095188931,2
-13.3952791004244,-13.4725604839271,2
-15.2350450555196,-12.9092352471642,2
